tourney_id,tourney_name,surface,draw_size,tourney_level,indoor,tourney_date,match_num,winner_id,winner_seed,winner_entry,winner_name,winner_hand,winner_ht,winner_ioc,winner_age,winner_rank,winner_rank_points,loser_id,loser_seed,loser_entry,loser_name,loser_hand,loser_ht,loser_ioc,loser_age,loser_rank,loser_rank_points,score,best_of,round,minutes,w_ace,w_df,w_svpt,w_1stIn,w_1stWon,w_2ndWon,w_SvGms,w_bpSaved,w_bpFaced,l_ace,l_df,l_svpt,l_1stIn,l_1stWon,l_2ndWon,l_SvGms,l_bpSaved,l_bpFaced
2026-747,Beijing,Hard,32,500,O,20260930,1,G0IX,,Q,Arthur Gea,R,180,FRA,21.741,58,918,Z371,,,Zhizhen Zhang,R,193,CHN,29.955,165,340,6-4 6-3,3,R32,84,6,4,55,37,27,9,10,2,4,1,2,52,37,20,7,9,1,5
2026-747,Beijing,Hard,32,500,O,20260930,2,KE29,,,Karen Khachanov,R,198,RUS,30.36,26,1800,AG37,2,,Felix Auger-Aliassime,R,193,CAN,26.144,5,3890,6-3 6-3,3,R32,72,4,2,45,33,30,6,9,0,0,9,1,47,32,25,3,9,1,4
2026-747,Beijing,Hard,32,500,O,20260930,3,SL28,,,Jan-Lennard Struff,R,193,GER,36.433,59,909,T0A1,,,Thiago Agustin Tirante,R,185,ARG,25.473,52,1010,6-1 6-4,3,R32,66,4,0,50,36,29,9,9,1,1,4,4,47,33,22,5,8,7,10
2026-747,Beijing,Hard,32,500,O,20260930,4,Y09V,,WC,Yunchaokete Bu,R,185,CHN,24.695,104,602,C0C8,,,Juan Manuel Cerundolo,L,183,ARG,24.873,53,995,6-2 5-7 6-4,3,R32,139,11,1,77,50,42,15,15,3,5,7,2,100,54,39,21,15,4,8
2026-329,Tokyo,Hard,32,500,O,20260930,1,A0FC,,,Matteo Arnaldi,R,185,ITA,25.602,37,1336,S0UV,,,Rei Sakamoto,R,193,JPN,20.268,137,423,2-6 6-4 6-4,3,R32,129,4,4,83,45,31,23,14,2,4,8,1,83,47,34,21,14,1,3
2026-329,Tokyo,Hard,32,500,O,20260930,2,F0F1,,Q,Arthur Fils,R,185,FRA,22.3,9,3150,V0DZ,,,Luca Van Assche,R,178,FRA,22.387,43,1180,6-3 6-2,3,R32,94,12,3,69,42,34,13,9,3,3,4,1,62,34,23,10,8,7,10
2026-329,Tokyo,Hard,32,500,O,20260930,3,TE30,,,Alejandro Tabilo,L,188,CHI,29.328,31,1565,PL56,7,,Tommy Paul,R,185,USA,29.372,16,2375,6-1 6-2,3,R32,74,0,1,47,28,22,11,8,2,3,5,6,51,31,17,5,7,3,8
2026-329,Tokyo,Hard,32,500,O,20260930,4,VA25,8,,Valentin Vacherot,R,193,MON,27.871,18,2250,B0PG,,,Alexander Blockx,R,193,BEL,21.478,27,1787,7-6(2) 7-6(4),3,R32,120,7,5,87,66,52,10,12,7,9,2,2,93,59,40,18,12,6,8
2026-747,Beijing,Hard,32,500,O,20260930,5,D643,6,,Novak Djokovic,R,188,SRB,39.359,11,2980,BT72,,,Nuno Borges,R,185,POR,29.61,49,1070,6-3 7-6(2),3,R32,111,8,2,68,48,42,9,11,2,2,3,2,65,36,27,15,10,1,2
2026-329,Tokyo,Hard,32,500,O,20261001,5,HH26,,,Ugo Humbert,L,188,FRA,28.266,32,1535,N0AE,5,,Brandon Nakashima,R,188,USA,25.161,17,2335,6-3 6-2,3,R32,71,6,1,41,22,22,14,9,0,0,1,2,61,42,23,9,8,9,12
2026-329,Tokyo,Hard,32,500,O,20261001,6,D0FJ,,,Luciano Darderi,R,183,ITA,24.627,19,2200,RH16,6,,Casper Ruud,R,183,NOR,27.775,21,2145,7-6(3) 6-3,3,R32,108,13,3,66,37,32,15,11,6,8,11,4,82,54,35,10,10,5,8
2026-329,Tokyo,Hard,32,500,O,20261001,7,F0F2,,LL,Jaime Faria,R,188,POR,23.154,61,888,F0DM,,,Arthur Fery,R,175,GBR,24.222,36,1413,6-4 3-6 6-4,3,R32,124,11,8,88,55,39,17,15,5,8,3,2,92,66,45,13,14,7,10
2026-747,Beijing,Hard,32,500,O,20261001,6,MV14,,Q,Alex Molcan,L,178,SVK,28.832,96,637,M0FH,,,Tomas Machac,R,183,CZE,25.966,75,770,6-3 6-2,3,R32,64,5,0,44,28,25,11,9,0,0,2,2,46,32,19,5,8,3,6
